"filename";"testID"
"1";"180045020.csv";"180045020"
"2";"180116166.csv";"180116166"
"3";"180174141.csv";"180174141"
"4";"180189223.csv";"180189223"
"5";"190001015.csv";"190001015"
"6";"190035100.csv";"190035100"
"7";"190108033.csv";"190108033"
"8";"300021095.csv";"300021095"
"9";"300046736.csv";"300046736"
"10";"300047441.csv";"300047441"
"11";"300067462.csv";"300067462"
"12";"300102660.csv";"300102660"
"13";"300122940.csv";"300122940"
"14";"300203010.csv";"300203010"
"15";"400890109.csv";"400890109"
"16";"400941796.csv";"400941796"
"17";"400942087.csv";"400942087"
"18";"400970961.csv";"400970961"
"19";"401160916.csv";"401160916"
"20";"401280337.csv";"401280337"
"21";"402161410.csv";"402161410"
"22";"491400076.csv";"491400076"
"23";"491570086.csv";"491570086"
"24";"491600920.csv";"491600920"
"25";"491631053.csv";"491631053"
"26";"491640635.csv";"491640635"
"27";"491660176.csv";"491660176"
"28";"491790538.csv";"491790538"
"29";"491840961.csv";"491840961"
"30";"491941202.csv";"491941202"
"31";"492450225.csv";"492450225"
"32";"492640756.csv";"492640756"
"33";"LOT620035.csv";"LOT620035"
"34";"r1_180007088.csv";"r1_180007088"
"35";"r1_180009074.csv";"r1_180009074"
"36";"r2_180034084.csv";"r2_180034084"
"37";"r6_180043072.csv";"r6_180043072"
